category;shortname;fullname
22;AGAMA ISLAM ( X MPLB 1 );AGAMA ISLAM ( X MPLB 1 )
22;AGAMA KRISTEN ( X MPLB 1 );AGAMA KRISTEN ( X MPLB 1 )
22;PENDIDIKAN PANCASILA ( X MPLB 1 );PENDIDIKAN PANCASILA ( X MPLB 1 )
22;BAHASA INDONESIA ( X MPLB 1 );BAHASA INDONESIA ( X MPLB 1 )
22;BAHASA INGGRIS ( X MPLB 1 );BAHASA INGGRIS ( X MPLB 1 )
22;PENDIDIKAN JASMANI, OLAHRAGA DAN KESEHATAN ( X MPLB 1 );PENDIDIKAN JASMANI, OLAHRAGA DAN KESEHATAN ( X MPLB 1 )
22;SEJARAH ( X MPLB 1 );SEJARAH ( X MPLB 1 )
22;SENI DAN BUDAYA ( X MPLB 1 );SENI DAN BUDAYA ( X MPLB 1 )
22;MUATAN LOKAL ( X MPLB 1 );MUATAN LOKAL ( X MPLB 1 )
22;KODING DAN KECERDASAN ARTIFISIAL ( X MPLB 1 );KODING DAN KECERDASAN ARTIFISIAL ( X MPLB 1 )
22;INFORMATIKA ( X MPLB 1 );INFORMATIKA ( X MPLB 1 )
22;MATEMATIKA ( X MPLB 1 );MATEMATIKA ( X MPLB 1 )
22;PROJEK ILMU PENGETAHUAN ALAM DAN SOSIAL ( X MPLB 1 );PROJEK ILMU PENGETAHUAN ALAM DAN SOSIAL ( X MPLB 1 )
22;DASAR - DASAR PROGRAM KEAHLIAN ( X MPLB 1 );DASAR - DASAR PROGRAM KEAHLIAN ( X MPLB 1 )
23;AGAMA ISLAM ( X MPLB 2 );AGAMA ISLAM ( X MPLB 2 )
23;AGAMA KRISTEN ( X MPLB 2 );AGAMA KRISTEN ( X MPLB 2 )
23;PENDIDIKAN PANCASILA ( X MPLB 2 );PENDIDIKAN PANCASILA ( X MPLB 2 )
23;BAHASA INDONESIA ( X MPLB 2 );BAHASA INDONESIA ( X MPLB 2 )
23;BAHASA INGGRIS ( X MPLB 2 );BAHASA INGGRIS ( X MPLB 2 )
23;PENDIDIKAN JASMANI, OLAHRAGA DAN KESEHATAN ( X MPLB 2 );PENDIDIKAN JASMANI, OLAHRAGA DAN KESEHATAN ( X MPLB 2 )
23;SEJARAH ( X MPLB 2 );SEJARAH ( X MPLB 2 )
23;SENI DAN BUDAYA ( X MPLB 2 );SENI DAN BUDAYA ( X MPLB 2 )
23;MUATAN LOKAL ( X MPLB 2 );MUATAN LOKAL ( X MPLB 2 )
23;KODING DAN KECERDASAN ARTIFISIAL ( X MPLB 2 );KODING DAN KECERDASAN ARTIFISIAL ( X MPLB 2 )
23;INFORMATIKA ( X MPLB 2 );INFORMATIKA ( X MPLB 2 )
23;MATEMATIKA ( X MPLB 2 );MATEMATIKA ( X MPLB 2 )
23;PROJEK ILMU PENGETAHUAN ALAM DAN SOSIAL ( X MPLB 2 );PROJEK ILMU PENGETAHUAN ALAM DAN SOSIAL ( X MPLB 2 )
23;DASAR - DASAR PROGRAM KEAHLIAN ( X MPLB 2 );DASAR - DASAR PROGRAM KEAHLIAN ( X MPLB 2 )
26;AGAMA ISLAM ( XII MPLB 1 );AGAMA ISLAM ( XII MPLB 1 )
26;AGAMA KRISTEN ( XII MPLB 1 );AGAMA KRISTEN ( XII MPLB 1 )
26;PENDIDIKAN PANCASILA ( XII MPLB 1 );PENDIDIKAN PANCASILA ( XII MPLB 1 )
26;BAHASA INDONESIA ( XII MPLB 1 );BAHASA INDONESIA ( XII MPLB 1 )
26;BAHASA INGGRIS ( XII MPLB 1 );BAHASA INGGRIS ( XII MPLB 1 )
26;PROJEK KREATIF DAN KEWIRAUSAHAAN ( XII MPLB 1 );PROJEK KREATIF DAN KEWIRAUSAHAAN ( XII MPLB 1 )
26;KONSENTRASI KEAHLIAN ( XII MPLB 1 );KONSENTRASI KEAHLIAN ( XII MPLB 1 )
26;MATA PELAJARAN PILIHAN ( XII MPLB 1 );MATA PELAJARAN PILIHAN ( XII MPLB 1 )
27;AGAMA ISLAM ( XII MPLB 2 );AGAMA ISLAM ( XII MPLB 2 )
27;AGAMA KRISTEN ( XII MPLB 2 );AGAMA KRISTEN ( XII MPLB 2 )
27;PENDIDIKAN PANCASILA ( XII MPLB 2 );PENDIDIKAN PANCASILA ( XII MPLB 2 )
27;BAHASA INDONESIA ( XII MPLB 2 );BAHASA INDONESIA ( XII MPLB 2 )
27;BAHASA INGGRIS ( XII MPLB 2 );BAHASA INGGRIS ( XII MPLB 2 )
27;PROJEK KREATIF DAN KEWIRAUSAHAAN ( XII MPLB 2 );PROJEK KREATIF DAN KEWIRAUSAHAAN ( XII MPLB 2 )
27;KONSENTRASI KEAHLIAN ( XII MPLB 2 );KONSENTRASI KEAHLIAN ( XII MPLB 2 )
27;MATA PELAJARAN PILIHAN ( XII MPLB 2 );MATA PELAJARAN PILIHAN ( XII MPLB 2 )
24;AGAMA ISLAM ( XI MPLB 1 );AGAMA ISLAM ( XI MPLB 1 )
24;AGAMA KRISTEN ( XI MPLB 1 );AGAMA KRISTEN ( XI MPLB 1 )
24;PENDIDIKAN PANCASILA ( XI MPLB 1 );PENDIDIKAN PANCASILA ( XI MPLB 1 )
24;BAHASA INDONESIA ( XI MPLB 1 );BAHASA INDONESIA ( XI MPLB 1 )
24;BAHASA INGGRIS ( XI MPLB 1 );BAHASA INGGRIS ( XI MPLB 1 )
24;PENDIDIKAN JASMANI, OLAHRAGA DAN KESEHATAN ( XI MPLB 1 );PENDIDIKAN JASMANI, OLAHRAGA DAN KESEHATAN ( XI MPLB 1 )
24;PROJEK KREATIF DAN KEWIRAUSAHAAN ( XI MPLB 1 );PROJEK KREATIF DAN KEWIRAUSAHAAN ( XI MPLB 1 )
24;KONSENTRASI KEAHLIAN ( XI MPLB 1 );KONSENTRASI KEAHLIAN ( XI MPLB 1 )
24;MUATAN LOKAL ( XI MPLB 1 );MUATAN LOKAL ( XI MPLB 1 )
24;MATA PELAJARAN PILIHAN ( XI MPLB 1 );MATA PELAJARAN PILIHAN ( XI MPLB 1 )
24;MATEMATIKA ( XI MPLB 1 );MATEMATIKA ( XI MPLB 1 )
24;SEJARAH ( XI MPLB 1 );SEJARAH ( XI MPLB 1 )
25;AGAMA ISLAM ( XI MPLB 2 );AGAMA ISLAM ( XI MPLB 2 )
25;AGAMA KRISTEN ( XI MPLB 2 );AGAMA KRISTEN ( XI MPLB 2 )
25;PENDIDIKAN PANCASILA ( XI MPLB 2 );PENDIDIKAN PANCASILA ( XI MPLB 2 )
25;BAHASA INDONESIA ( XI MPLB 2 );BAHASA INDONESIA ( XI MPLB 2 )
25;BAHASA INGGRIS ( XI MPLB 2 );BAHASA INGGRIS ( XI MPLB 2 )
25;PENDIDIKAN JASMANI, OLAHRAGA DAN KESEHATAN ( XI MPLB 2 );PENDIDIKAN JASMANI, OLAHRAGA DAN KESEHATAN ( XI MPLB 2 )
25;PROJEK KREATIF DAN KEWIRAUSAHAAN ( XI MPLB 2 );PROJEK KREATIF DAN KEWIRAUSAHAAN ( XI MPLB 2 )
25;KONSENTRASI KEAHLIAN ( XI MPLB 2 );KONSENTRASI KEAHLIAN ( XI MPLB 2 )
25;MUATAN LOKAL ( XI MPLB 2 );MUATAN LOKAL ( XI MPLB 2 )
25;MATA PELAJARAN PILIHAN ( XI MPLB 2 );MATA PELAJARAN PILIHAN ( XI MPLB 2 )
25;MATEMATIKA ( XI MPLB 2 );MATEMATIKA ( XI MPLB 2 )
25;SEJARAH ( XI MPLB 2 );SEJARAH ( XI MPLB 2 )